Job Title,Company Name,Location,Posted Date,Application Link
Sales Development Representative,N/A,"Kochi, India",N/A,http://infopark.inhttp://infopark.in/companies/company/company-jobs/587/76691
Quality Assurance Manager,N/A,"Kochi, India",N/A,http://infopark.inhttp://infopark.in/companies/company/company-jobs/209/74567
Senior Golang Developer,N/A,"Kochi, India",N/A,http://infopark.inhttp://infopark.in/companies/company/company-jobs/209/73283
Web Application Developer,N/A,"Kochi, India",N/A,http://infopark.inhttp://infopark.in/companies/company/company-jobs/209/77301
Python Team Lead,N/A,"Kochi, India",N/A,http://infopark.inhttp://infopark.in/companies/company/company-jobs/209/76262
Senior Python Developer,N/A,"Kochi, India",N/A,http://infopark.inhttp://infopark.in/companies/company/company-jobs/587/76369
Front-End Developer (React.js Freshers),N/A,"Kochi, India",N/A,http://infopark.inhttp://infopark.in/companies/company/company-jobs/523/77774
Alliance Executive (0 - 2 years),N/A,"Kochi, India",N/A,http://infopark.inhttp://infopark.in/companies/company/company-jobs/523/77769
Front-End Developer (React.js Freshers),N/A,"Kochi, India",N/A,http://infopark.inhttp://infopark.in/companies/company/company-jobs/523/77771
Graphic Designer (1 - 3 Years),N/A,"Kochi, India",N/A,http://infopark.inhttp://infopark.in/companies/company/company-jobs/523/77772
Java Team Lead,N/A,"Kochi, India",N/A,http://infopark.inhttp://infopark.in/companies/company/company-jobs/209/71189
Junior Android Developer,N/A,"Kochi, India",N/A,http://infopark.inhttp://infopark.in/companies/company/company-jobs/209/75480
Walk In Interview! (22nd January 2025) 1-3 years experienced candidates with (BE)/MBA Operations/SCM,N/A,"Kochi, India",N/A,http://infopark.inhttp://infopark.in/companies/company/company-jobs/337/65554
Manager - Business Development,N/A,"Kochi, India",N/A,http://infopark.inhttp://infopark.in/companies/company/company-jobs/209/71180
Project Manager,N/A,"Kochi, India",N/A,http://infopark.inhttp://infopark.in/companies/company/company-jobs/209/75644
Digital Marketing Project Manager,N/A,"Kochi, India",N/A,http://infopark.inhttp://infopark.in/companies/company/company-jobs/509/77799
PHP Laravel Developer,N/A,"Kochi, India",N/A,http://infopark.inhttp://infopark.in/companies/company/company-jobs/643/77671
Chief Operating Officer (COO) - 4+ years,N/A,"Kochi, India",N/A,http://infopark.inhttp://infopark.in/companies/company/company-jobs/523/77785
Motion Graphics Designer,N/A,"Kochi, India",N/A,http://infopark.inhttp://infopark.in/companies/company/company-jobs/509/77800
Odoo Developer,N/A,"Kochi, India",N/A,http://infopark.inhttp://infopark.in/companies/company/company-jobs/209/71696
MERN Stack Developer (2 - 4 years),N/A,"Kochi, India",N/A,http://infopark.inhttp://infopark.in/companies/company/company-jobs/523/77784
AI/ML - Architect,N/A,"Kochi, India",N/A,http://infopark.inhttp://infopark.in/companies/company/company-jobs/209/72030
Senior Business Analyst,N/A,"Kochi, India",N/A,http://infopark.inhttp://infopark.in/companies/company/company-jobs/209/74284
Lead - React Native Developer,N/A,"Kochi, India",N/A,http://infopark.inhttp://infopark.in/companies/company/company-jobs/209/73367
Dotnet Developer,N/A,"Kochi, India",N/A,http://infopark.inhttp://infopark.in/companies/company/company-jobs/513/73596
Business Development Associate : Trainee,N/A,"Kochi, India",N/A,http://infopark.inhttp://infopark.in/companies/company/company-jobs/209/75502
Associate  Project Manager,N/A,"Kochi, India",N/A,http://infopark.inhttp://infopark.in/companies/company/company-jobs/209/75643
Digital Marketing (1 - 4 Years),N/A,"Kochi, India",N/A,http://infopark.inhttp://infopark.in/companies/company/company-jobs/523/77788
Sales Executive - (2 - 4 Years),N/A,"Kochi, India",N/A,http://infopark.inhttp://infopark.in/companies/company/company-jobs/523/77787
Front-End Developer (React.js 2 - 4 years),N/A,"Kochi, India",N/A,http://infopark.inhttp://infopark.in/companies/company/company-jobs/523/77791
Graphic Designer (1 - 3 Years),N/A,"Kochi, India",N/A,http://infopark.inhttp://infopark.in/companies/company/company-jobs/523/77790
HR - Senior Executive (3+ years),N/A,"Kochi, India",N/A,http://infopark.inhttp://infopark.in/companies/company/company-jobs/523/77786
Software Engineer - .Net,N/A,"Kochi, India",N/A,http://infopark.inhttp://infopark.in/companies/company/company-jobs/193/47759
Product Marketing Intern,N/A,"Kochi, India",N/A,http://infopark.inhttp://infopark.in/companies/company/company-jobs/473/77808
Project Manager - IT,N/A,"Kochi, India",N/A,http://infopark.inhttp://infopark.in/companies/company/company-jobs/193/77515
Project Manager - ERP,N/A,"Kochi, India",N/A,http://infopark.inhttp://infopark.in/companies/company/company-jobs/513/53509
Sr. Android Developer (8+ years),N/A,"Kochi, India",N/A,http://infopark.inhttp://infopark.in/companies/company/company-jobs/430/68109
Odoo Functional Lead (Finance ),N/A,"Kochi, India",N/A,http://infopark.inhttp://infopark.in/companies/company/company-jobs/513/70083
Software Support Specialist,N/A,"Kochi, India",N/A,http://infopark.inhttp://infopark.in/companies/company/company-jobs/340/77762
Senior Videographer cum Video Editor ( 1 - 3 Years),N/A,"Kochi, India",N/A,http://infopark.inhttp://infopark.in/companies/company/company-jobs/360/64459
Python Data Science Trainer cum Developer,N/A,"Kochi, India",N/A,http://infopark.inhttp://infopark.in/companies/company/company-jobs/360/76832
Data Analytics Training and Internship,N/A,"Kochi, India",N/A,http://infopark.inhttp://infopark.in/companies/company/company-jobs/360/76821
WordPress Development Training & Internship,N/A,"Kochi, India",N/A,http://infopark.inhttp://infopark.in/companies/company/company-jobs/360/76825
Graphic Designer,N/A,"Kochi, India",N/A,http://infopark.inhttp://infopark.in/companies/company/company-jobs/642/77559
Software engineer/ Java Developer 4-6yrs experience,N/A,"Kochi, India",N/A,http://infopark.inhttp://infopark.in/companies/company/company-jobs/10/76117
HR Executive,N/A,"Kochi, India",N/A,http://infopark.inhttp://infopark.in/companies/company/company-jobs/360/76831
Data Science Training & Internship,N/A,"Kochi, India",N/A,http://infopark.inhttp://infopark.in/companies/company/company-jobs/360/76823
Social Media Content Creator cum Video Presentor,N/A,"Kochi, India",N/A,http://infopark.inhttp://infopark.in/companies/company/company-jobs/360/76830
Video Editor ( Exp: 0 - 2 Years),N/A,"Kochi, India",N/A,http://infopark.inhttp://infopark.in/companies/company/company-jobs/360/76828
JAVA DEVELOPER,N/A,"Kochi, India",N/A,http://infopark.inhttp://infopark.in/companies/company/company-jobs/550/72232
Experienced Accountant / Finance Executive,N/A,"Kochi, India",N/A,http://infopark.inhttp://infopark.in/companies/company/company-jobs/360/75945
Business Development Executive,N/A,"Kochi, India",N/A,http://infopark.inhttp://infopark.in/companies/company/company-jobs/360/70739
Full Stack Development Training & Internship,N/A,"Kochi, India",N/A,http://infopark.inhttp://infopark.in/companies/company/company-jobs/360/76824
Digital Marketing Interns,N/A,"Kochi, India",N/A,http://infopark.inhttp://infopark.in/companies/company/company-jobs/360/75949
Senior PHP Developer (2-3 Years),N/A,"Kochi, India",N/A,http://infopark.inhttp://infopark.in/companies/company/company-jobs/360/75615
Graphic Designer (0-2 years ),N/A,"Kochi, India",N/A,http://infopark.inhttp://infopark.in/companies/company/company-jobs/490/75582
Magento Developer(Minimum 3-5 Years Experience),N/A,"Kochi, India",N/A,http://infopark.inhttp://infopark.in/companies/company/company-jobs/438/77403
UI/UX Designer internship,N/A,"Kochi, India",N/A,http://infopark.inhttp://infopark.in/companies/company/company-jobs/430/77622
Qulaity Assurance Engineer,N/A,"Kochi, India",N/A,http://infopark.inhttp://infopark.in/companies/company/company-jobs/534/77673
Software Engineer (.Net Core),N/A,"Kochi, India",N/A,http://infopark.inhttp://infopark.in/companies/company/company-jobs/193/65569
Full Stack Java Developer ( Angular + Devops + CI/CD ),N/A,"Kochi, India",N/A,http://infopark.inhttp://infopark.in/companies/company/company-jobs/528/75807
French Language Expert (1+years of experience),N/A,"Kochi, India",N/A,http://infopark.inhttp://infopark.in/companies/company/company-jobs/528/75419
Software Test Engineer : Experienced  (Automation),N/A,"Kochi, India",N/A,http://infopark.inhttp://infopark.in/companies/company/company-jobs/352/15625
PHP Fullstack Developer,N/A,"Kochi, India",N/A,http://infopark.inhttp://infopark.in/companies/company/company-jobs/553/76446
Python Developer ( 5 + Years Exp),N/A,"Kochi, India",N/A,http://infopark.inhttp://infopark.in/companies/company/company-jobs/430/35466
React JS Developer,N/A,"Kochi, India",N/A,http://infopark.inhttp://infopark.in/companies/company/company-jobs/430/35471
Node JS Developer,N/A,"Kochi, India",N/A,http://infopark.inhttp://infopark.in/companies/company/company-jobs/430/37744
Frontend Developer - NextJS,N/A,"Kochi, India",N/A,http://infopark.inhttp://infopark.in/companies/company/company-jobs/430/73083
Sr iOS Developer - Swift UI,N/A,"Kochi, India",N/A,http://infopark.inhttp://infopark.in/companies/company/company-jobs/430/53191
iOS Developer,N/A,"Kochi, India",N/A,http://infopark.inhttp://infopark.in/companies/company/company-jobs/430/53192
Jr Android Developer (2+ years),N/A,"Kochi, India",N/A,http://infopark.inhttp://infopark.in/companies/company/company-jobs/430/53239
IT Security Specialist (4+ years Experience ),N/A,"Kochi, India",N/A,http://infopark.inhttp://infopark.in/companies/company/company-jobs/528/77318
iOS Developer - SWIFT UI,N/A,"Kochi, India",N/A,http://infopark.inhttp://infopark.in/companies/company/company-jobs/430/55233
Sr Fullstack Developer (Java),N/A,"Kochi, India",N/A,http://infopark.inhttp://infopark.in/companies/company/company-jobs/528/77390
QUALITY ANALYST / TESTER (Immediate Joiners),N/A,"Kochi, India",N/A,http://infopark.inhttp://infopark.in/companies/company/company-jobs/430/62366
Asp.Net Free Internship,N/A,"Kochi, India",N/A,http://infopark.inhttp://infopark.in/companies/company/company-jobs/558/77609
Medical Coding-IP,N/A,"Kochi, India",N/A,http://infopark.inhttp://infopark.in/companies/company/company-jobs/298/76221
Junior Finance Executive,N/A,"Kochi, India",N/A,http://infopark.inhttp://infopark.in/companies/company/company-jobs/558/77610
AWS/DevOps Engineer,N/A,"Kochi, India",N/A,http://infopark.inhttp://infopark.in/companies/company/company-jobs/430/74154
Senior Digital Marketing Specialist,N/A,"Kochi, India",N/A,http://infopark.inhttp://infopark.in/companies/company/company-jobs/204/77324
Full Stack Developer,N/A,"Kochi, India",N/A,http://infopark.inhttp://infopark.in/companies/company/company-jobs/558/77608
Associate Creative Director - Copy,N/A,"Kochi, India",N/A,http://infopark.inhttp://infopark.in/companies/company/company-jobs/298/76370
Content Writer Internship,N/A,"Kochi, India",N/A,http://infopark.inhttp://infopark.in/companies/company/company-jobs/430/76542
Junior WordPress Developer,N/A,"Kochi, India",N/A,http://infopark.inhttp://infopark.in/companies/company/company-jobs/558/77611
Quality Analyst/Tester  Internship,N/A,"Kochi, India",N/A,http://infopark.inhttp://infopark.in/companies/company/company-jobs/430/76546
Digital Marketing Internship,N/A,"Kochi, India",N/A,http://infopark.inhttp://infopark.in/companies/company/company-jobs/430/76548
UI Designer - Web & Mobile,N/A,"Kochi, India",N/A,http://infopark.inhttp://infopark.in/companies/company/company-jobs/558/77612
Senior Manual Test Lead,N/A,"Kochi, India",N/A,http://infopark.inhttp://infopark.in/companies/company/company-jobs/252/77439
Creative Designer  intern,N/A,"Kochi, India",N/A,http://infopark.inhttp://infopark.in/companies/company/company-jobs/430/77623
C ++ Developer,N/A,"Kochi, India",N/A,http://infopark.inhttp://infopark.in/companies/company/company-jobs/608/77711
Brand Designer(Exp:3+ years),N/A,"Kochi, India",N/A,http://infopark.inhttp://infopark.in/companies/company/company-jobs/258/72230
Data Engineer,N/A,"Kochi, India",N/A,http://infopark.inhttp://infopark.in/companies/company/company-jobs/105/76982
Trainee SAP Basis,N/A,"Kochi, India",N/A,http://infopark.inhttp://infopark.in/companies/company/company-jobs/105/76984
Operations Executive - Claims Process (UAE insurance Brokers),N/A,"Kochi, India",N/A,http://infopark.inhttp://infopark.in/companies/company/company-jobs/365/76960
Wordpress Developer (Exp:2+years),N/A,"Kochi, India",N/A,http://infopark.inhttp://infopark.in/companies/company/company-jobs/258/38058
Project Lead,N/A,"Kochi, India",N/A,http://infopark.inhttp://infopark.in/companies/company/company-jobs/63/77167
INTERNSHIP - SOFTWARE DEVELOPMENT,N/A,"Kochi, India",N/A,http://infopark.inhttp://infopark.in/companies/company/company-jobs/225/42802
Software Engineer (Frontend) - React.js,N/A,"Kochi, India",N/A,http://infopark.inhttp://infopark.in/companies/company/company-jobs/352/20491
Technical Project Manager,N/A,"Kochi, India",N/A,http://infopark.inhttp://infopark.in/companies/company/company-jobs/361/43662
Android Developer (Exp: 0 - 1 Years),N/A,"Kochi, India",N/A,http://infopark.inhttp://infopark.in/companies/company/company-jobs/258/66573
Software Support Engineer (SSE),N/A,"Kochi, India",N/A,http://infopark.inhttp://infopark.in/companies/company/company-jobs/352/63970
Technical Lead,N/A,"Kochi, India",N/A,http://infopark.inhttp://infopark.in/companies/company/company-jobs/361/77483
Software Engineers - Python (Back-end),N/A,"Kochi, India",N/A,http://infopark.inhttp://infopark.in/companies/company/company-jobs/352/34574
SAP BODS,N/A,"Kochi, India",N/A,http://infopark.inhttp://infopark.in/companies/company/company-jobs/298/77395
Junior Product Manager,N/A,"Kochi, India",N/A,http://infopark.inhttp://infopark.in/companies/company/company-jobs/414/76441
Senior Android Developer,N/A,"Kochi, India",N/A,http://infopark.inhttp://infopark.in/companies/company/company-jobs/500/76740
Purchasing Coordinator,N/A,"Kochi, India",N/A,http://infopark.inhttp://infopark.in/companies/company/company-jobs/540/77291
Technical Support Operations Manager (10-12 Years),N/A,"Kochi, India",N/A,http://infopark.inhttp://infopark.in/companies/company/company-jobs/442/77462
Dotnet Technical Lead,N/A,"Kochi, India",N/A,http://infopark.inhttp://infopark.in/companies/company/company-jobs/114/31518
Project Coordinator - IT & Infrastructure Services,N/A,"Kochi, India",N/A,http://infopark.inhttp://infopark.in/companies/company/company-jobs/225/35631
Specialist – People & Culture,N/A,"Kochi, India",N/A,http://infopark.inhttp://infopark.in/companies/company/company-jobs/252/77803
Business Development Executive,N/A,"Kochi, India",N/A,http://infopark.inhttp://infopark.in/companies/company/company-jobs/589/76075
Inside Sales Executive,N/A,"Kochi, India",N/A,http://infopark.inhttp://infopark.in/companies/company/company-jobs/358/76631
GRC Analyst - Payment Security,N/A,"Kochi, India",N/A,http://infopark.inhttp://infopark.in/companies/company/company-jobs/190/77397
Java Architect,N/A,"Kochi, India",N/A,http://infopark.inhttp://infopark.in/companies/company/company-jobs/114/77060
Junior Backend Developer,N/A,"Kochi, India",N/A,http://infopark.inhttp://infopark.in/companies/company/company-jobs/358/77627
Product Specialist,N/A,"Kochi, India",N/A,http://infopark.inhttp://infopark.in/companies/company/company-jobs/615/77319
Angular Project Lead,N/A,"Kochi, India",N/A,http://infopark.inhttp://infopark.in/companies/company/company-jobs/114/77061
EXPERIENCED UI/UX DESIGNER,N/A,"Kochi, India",N/A,http://infopark.inhttp://infopark.in/companies/company/company-jobs/529/77555
Apprentice- Software Engineer,N/A,"Kochi, India",N/A,http://infopark.inhttp://infopark.in/companies/company/company-jobs/273/71142
Website Designer ***Urgent Requirement***,N/A,"Kochi, India",N/A,http://infopark.inhttp://infopark.in/companies/company/company-jobs/420/61870
Digital Marketing Executive-2-3 years,N/A,"Kochi, India",N/A,http://infopark.inhttp://infopark.in/companies/company/company-jobs/445/77488
Digital Marketing Internship,N/A,"Kochi, India",N/A,http://infopark.inhttp://infopark.in/companies/company/company-jobs/486/42801
Client Experienced Specialist (0 - 1 Years),N/A,"Kochi, India",N/A,http://infopark.inhttp://infopark.in/companies/company/company-jobs/258/45242
Content Creator - Learning & Development,N/A,"Kochi, India",N/A,http://infopark.inhttp://infopark.in/companies/company/company-jobs/503/77561
Flutter Developer,N/A,"Kochi, India",N/A,http://infopark.inhttp://infopark.in/companies/company/company-jobs/567/69945
Sr. QA Engineer,N/A,"Kochi, India",N/A,http://infopark.inhttp://infopark.in/companies/company/company-jobs/340/77117
Finance Executive (Exp: 0 - 1 Years),N/A,"Kochi, India",N/A,http://infopark.inhttp://infopark.in/companies/company/company-jobs/258/65248
Digital Marketing Intern (Live projects),N/A,"Kochi, India",N/A,http://infopark.inhttp://infopark.in/companies/company/company-jobs/567/70743
video Editor (immediate hiring),N/A,"Kochi, India",N/A,http://infopark.inhttp://infopark.in/companies/company/company-jobs/439/77376
RPA Developer,N/A,"Kochi, India",N/A,http://infopark.inhttp://infopark.in/companies/company/company-jobs/551/76028
UI UX Designer,N/A,"Kochi, India",N/A,http://infopark.inhttp://infopark.in/companies/company/company-jobs/500/76744
Sales Executive,N/A,"Kochi, India",N/A,http://infopark.inhttp://infopark.in/companies/company/company-jobs/637/77381
Python Django Developer Intern,N/A,"Kochi, India",N/A,http://infopark.inhttp://infopark.in/companies/company/company-jobs/315/77292
Chief Accountant,N/A,"Kochi, India",N/A,http://infopark.inhttp://infopark.in/companies/company/company-jobs/610/76538
Tech Lead - DotNet Core Developer,N/A,"Kochi, India",N/A,http://infopark.inhttp://infopark.in/companies/company/company-jobs/114/77059
Performance marketing Strategist (Exp:4+years),N/A,"Kochi, India",N/A,http://infopark.inhttp://infopark.in/companies/company/company-jobs/258/69693
Software Test Analyst,N/A,"Kochi, India",N/A,http://infopark.inhttp://infopark.in/companies/company/company-jobs/592/76790
Java/Angular Developer,N/A,"Kochi, India",N/A,http://infopark.inhttp://infopark.in/companies/company/company-jobs/383/77728
Manager - HRBP,N/A,"Kochi, India",N/A,http://infopark.inhttp://infopark.in/companies/company/company-jobs/365/63207
Content Creation Intern (0-1 year),N/A,"Kochi, India",N/A,http://infopark.inhttp://infopark.in/companies/company/company-jobs/258/76805
React Developers,N/A,"Kochi, India",N/A,http://infopark.inhttp://infopark.in/companies/company/company-jobs/518/65880
Business Analyst (Exp: 2+years),N/A,"Kochi, India",N/A,http://infopark.inhttp://infopark.in/companies/company/company-jobs/258/69649
Software Functional Support/ Implementer Trainee,N/A,"Kochi, India",N/A,http://infopark.inhttp://infopark.in/companies/company/company-jobs/503/77560
Senior Software Engineer - Back End (Python),N/A,"Kochi, India",N/A,http://infopark.inhttp://infopark.in/companies/company/company-jobs/352/65042
Project  Manager  (Exp: 4+ years),N/A,"Kochi, India",N/A,http://infopark.inhttp://infopark.in/companies/company/company-jobs/258/69648
Python Internship,N/A,"Kochi, India",N/A,http://infopark.inhttp://infopark.in/companies/company/company-jobs/486/62035
Junior Associate (Tele Marketing),N/A,"Kochi, India",N/A,http://infopark.inhttp://infopark.in/companies/company/company-jobs/503/77562
React JS Developer,N/A,"Kochi, India",N/A,http://infopark.inhttp://infopark.in/companies/company/company-jobs/63/62350
Visa-Operations (CIT),N/A,"Kochi, India",N/A,http://infopark.inhttp://infopark.in/companies/company/company-jobs/365/69270
SEO Specialist,N/A,"Kochi, India",N/A,http://infopark.inhttp://infopark.in/companies/company/company-jobs/592/76789
Sr. HRMS Implementation Executive,N/A,"Kochi, India",N/A,http://infopark.inhttp://infopark.in/companies/company/company-jobs/549/75058
Sr.Wordpress Developer,N/A,"Kochi, India",N/A,http://infopark.inhttp://infopark.in/companies/company/company-jobs/567/70016
Senior JAVA Developer (In Sourcing for UK Company),N/A,"Kochi, India",N/A,http://infopark.inhttp://infopark.in/companies/company/company-jobs/561/72402
Senior Odoo Developer,N/A,"Kochi, India",N/A,http://infopark.inhttp://infopark.in/companies/company/company-jobs/365/69266
Finance Manager,N/A,"Kochi, India",N/A,http://infopark.inhttp://infopark.in/companies/company/company-jobs/365/69273
Sr Executive - Accounts Receivables,N/A,"Kochi, India",N/A,http://infopark.inhttp://infopark.in/companies/company/company-jobs/365/65935
QA Lead,N/A,"Kochi, India",N/A,http://infopark.inhttp://infopark.in/companies/company/company-jobs/615/77534
UI Developer (Exp: 4+ Years),N/A,"Kochi, India",N/A,http://infopark.inhttp://infopark.in/companies/company/company-jobs/258/69641
Content Writer (Exp: 4+ years),N/A,"Kochi, India",N/A,http://infopark.inhttp://infopark.in/companies/company/company-jobs/258/69644
Automation Test Analyst,N/A,"Kochi, India",N/A,http://infopark.inhttp://infopark.in/companies/company/company-jobs/592/76792
PHP Developer ( Exp:4+ Years),N/A,"Kochi, India",N/A,http://infopark.inhttp://infopark.in/companies/company/company-jobs/258/68357
SEO Analyst (Exp:4+Years),N/A,"Kochi, India",N/A,http://infopark.inhttp://infopark.in/companies/company/company-jobs/258/69633
Senior PHP Developer,N/A,"Kochi, India",N/A,http://infopark.inhttp://infopark.in/companies/company/company-jobs/567/67908
Sales Consultants - Travel Process,N/A,"Kochi, India",N/A,http://infopark.inhttp://infopark.in/companies/company/company-jobs/365/69275
Python FastAPI Developer- (Immediate joiners),N/A,"Kochi, India",N/A,http://infopark.inhttp://infopark.in/companies/company/company-jobs/567/76978
Senior Marketing Manager,N/A,"Kochi, India",N/A,http://infopark.inhttp://infopark.in/companies/company/company-jobs/365/72543
BACKEND DEVELOPER (NodeJS)  Experinced,N/A,"Kochi, India",N/A,http://infopark.inhttp://infopark.in/companies/company/company-jobs/529/74468
Business development manager,N/A,"Kochi, India",N/A,http://infopark.inhttp://infopark.in/companies/company/company-jobs/361/77485
Shopify Developer  (Exp : 2-6 years),N/A,"Kochi, India",N/A,http://infopark.inhttp://infopark.in/companies/company/company-jobs/258/69637
Magento Developer (Exp:5+ Years),N/A,"Kochi, India",N/A,http://infopark.inhttp://infopark.in/companies/company/company-jobs/258/68521
Graphic Designer (Exp: 0-5 Years ),N/A,"Kochi, India",N/A,http://infopark.inhttp://infopark.in/companies/company/company-jobs/258/69696
Inbound Sales Executive/Manager (Exp: 0-8 years),N/A,"Kochi, India",N/A,http://infopark.inhttp://infopark.in/companies/company/company-jobs/258/69311
UI/UX Designer (Exp: 2+Years),N/A,"Kochi, India",N/A,http://infopark.inhttp://infopark.in/companies/company/company-jobs/258/69653
React. js Developer ( Exp: 2+ years),N/A,"Kochi, India",N/A,http://infopark.inhttp://infopark.in/companies/company/company-jobs/258/69652
Social Media Executive (Exp: 4+ years),N/A,"Kochi, India",N/A,http://infopark.inhttp://infopark.in/companies/company/company-jobs/258/69650
Senior Sales executive(digital marketing),N/A,"Kochi, India",N/A,http://infopark.inhttp://infopark.in/companies/company/company-jobs/358/72480
Python Developer (Exp: 2+ Years),N/A,"Kochi, India",N/A,http://infopark.inhttp://infopark.in/companies/company/company-jobs/258/69695
Sales Associates – Aviation Process,N/A,"Kochi, India",N/A,http://infopark.inhttp://infopark.in/companies/company/company-jobs/365/70607
Sales Consultant - Insurance,N/A,"Kochi, India",N/A,http://infopark.inhttp://infopark.in/companies/company/company-jobs/365/69277
Sales Managers,N/A,"Kochi, India",N/A,http://infopark.inhttp://infopark.in/companies/company/company-jobs/365/69279
Regional Leader – Sales,N/A,"Kochi, India",N/A,http://infopark.inhttp://infopark.in/companies/company/company-jobs/365/69280
Scrum Master,N/A,"Kochi, India",N/A,http://infopark.inhttp://infopark.in/companies/company/company-jobs/349/77640
Data Architect,N/A,"Kochi, India",N/A,http://infopark.inhttp://infopark.in/companies/company/company-jobs/252/77552
International Voice Process Associate,N/A,"Kochi, India",N/A,http://infopark.inhttp://infopark.in/companies/company/company-jobs/309/77753
Frontend Developer,N/A,"Kochi, India",N/A,http://infopark.inhttp://infopark.in/companies/company/company-jobs/524/77389
Shopify Developer(1-2 Years Experience),N/A,"Kochi, India",N/A,http://infopark.inhttp://infopark.in/companies/company/company-jobs/438/77755
Spring Boot Developers,N/A,"Kochi, India",N/A,http://infopark.inhttp://infopark.in/companies/company/company-jobs/518/70420
Senior Product Manager,N/A,"Kochi, India",N/A,http://infopark.inhttp://infopark.in/companies/company/company-jobs/414/76440
DotNet developer (React),N/A,"Kochi, India",N/A,http://infopark.inhttp://infopark.in/companies/company/company-jobs/528/77279
videographer(2+years),N/A,"Kochi, India",N/A,http://infopark.inhttp://infopark.in/companies/company/company-jobs/258/72234
Data Scientist,N/A,"Kochi, India",N/A,http://infopark.inhttp://infopark.in/companies/company/company-jobs/7/77814
Digital Marketing Specialist,N/A,"Kochi, India",N/A,http://infopark.inhttp://infopark.in/companies/company/company-jobs/608/77712
Product Designer(4+years),N/A,"Kochi, India",N/A,http://infopark.inhttp://infopark.in/companies/company/company-jobs/258/72233
Business Development Executive Intern,N/A,"Kochi, India",N/A,http://infopark.inhttp://infopark.in/companies/company/company-jobs/592/76788
Business Development Executive,N/A,"Kochi, India",N/A,http://infopark.inhttp://infopark.in/companies/company/company-jobs/592/76787
"Jr. Security Analyst (WEB, NETWORK, MOBILE TESTING)",N/A,"Kochi, India",N/A,http://infopark.inhttp://infopark.in/companies/company/company-jobs/190/77754
GRAPHIC DESIGNER (immediate hiring),N/A,"Kochi, India",N/A,http://infopark.inhttp://infopark.in/companies/company/company-jobs/439/77230
Senior Student Counsellor - Overseas Education,N/A,"Kochi, India",N/A,http://infopark.inhttp://infopark.in/companies/company/company-jobs/365/71908
Manager - Customer Excellence,N/A,"Kochi, India",N/A,http://infopark.inhttp://infopark.in/companies/company/company-jobs/365/72542
Manager - Customer Experience,N/A,"Kochi, India",N/A,http://infopark.inhttp://infopark.in/companies/company/company-jobs/365/72545
Head of Digital Marketing,N/A,"Kochi, India",N/A,http://infopark.inhttp://infopark.in/companies/company/company-jobs/365/72546
Sr Laravel Developer,N/A,"Kochi, India",N/A,http://infopark.inhttp://infopark.in/companies/company/company-jobs/510/77427
Sales Consultant - Holidays,N/A,"Kochi, India",N/A,http://infopark.inhttp://infopark.in/companies/company/company-jobs/365/72812
Sr. QA Engineer (In Sourcing For UK Company),N/A,"Kochi, India",N/A,http://infopark.inhttp://infopark.in/companies/company/company-jobs/561/74019
Quality Analyst - Consultant,N/A,"Kochi, India",N/A,http://infopark.inhttp://infopark.in/companies/company/company-jobs/63/72941
Software Engineer (.NET),N/A,"Kochi, India",N/A,http://infopark.inhttp://infopark.in/companies/company/company-jobs/549/73376
Big Commerce Developer,N/A,"Kochi, India",N/A,http://infopark.inhttp://infopark.in/companies/company/company-jobs/567/75320
Program Manager,N/A,"Kochi, India",N/A,http://infopark.inhttp://infopark.in/companies/company/company-jobs/252/77567
Head of Holidays -Travel,N/A,"Kochi, India",N/A,http://infopark.inhttp://infopark.in/companies/company/company-jobs/365/73887
React Developer (4-7 years),N/A,"Kochi, India",N/A,http://infopark.inhttp://infopark.in/companies/company/company-jobs/167/73279
DevOps Engineer,N/A,"Kochi, India",N/A,http://infopark.inhttp://infopark.in/companies/company/company-jobs/361/77487
Digital Marketing Lead,N/A,"Kochi, India",N/A,http://infopark.inhttp://infopark.in/companies/company/company-jobs/608/76270
Senior Database QA Engineer,N/A,"Kochi, India",N/A,http://infopark.inhttp://infopark.in/companies/company/company-jobs/608/74505
Senior Python Developer,N/A,"Kochi, India",N/A,http://infopark.inhttp://infopark.in/companies/company/company-jobs/608/76930
Senior System Engineer,N/A,"Kochi, India",N/A,http://infopark.inhttp://infopark.in/companies/company/company-jobs/608/76931
Operations Executive - Medical Underwriting (Health Insurance Industry),N/A,"Kochi, India",N/A,http://infopark.inhttp://infopark.in/companies/company/company-jobs/365/76356
Project Manager,N/A,"Kochi, India",N/A,http://infopark.inhttp://infopark.in/companies/company/company-jobs/567/73379
Technical Lead,N/A,"Kochi, India",N/A,http://infopark.inhttp://infopark.in/companies/company/company-jobs/459/77181
Marketing Automation Manager(Exp:2+Years),N/A,"Kochi, India",N/A,http://infopark.inhttp://infopark.in/companies/company/company-jobs/258/73447
Analytics Head (Exp:3+ Years),N/A,"Kochi, India",N/A,http://infopark.inhttp://infopark.in/companies/company/company-jobs/258/73448
ANGULAR DEVELOPER  EXPERIENCED,N/A,"Kochi, India",N/A,http://infopark.inhttp://infopark.in/companies/company/company-jobs/529/73511
ANGULAR DEVELOPER TEAM LEAD,N/A,"Kochi, India",N/A,http://infopark.inhttp://infopark.in/companies/company/company-jobs/529/76882
Dot NET Developer,N/A,"Kochi, India",N/A,http://infopark.inhttp://infopark.in/companies/company/company-jobs/589/76575
Application Support Analyst,N/A,"Kochi, India",N/A,http://infopark.inhttp://infopark.in/companies/company/company-jobs/7/77816
Software Developers (.Net/.Net Core),N/A,"Kochi, India",N/A,http://infopark.inhttp://infopark.in/companies/company/company-jobs/95/74101
Project Manager/Coordinator,N/A,"Kochi, India",N/A,http://infopark.inhttp://infopark.in/companies/company/company-jobs/610/73701
Head of Sales - Banking/Insurance,N/A,"Kochi, India",N/A,http://infopark.inhttp://infopark.in/companies/company/company-jobs/365/73881
Social Media Marketing Excecutive,N/A,"Kochi, India",N/A,http://infopark.inhttp://infopark.in/companies/company/company-jobs/315/77758
Business Development Manager - Hiring for UAE Location with B2B Sales Experience,N/A,"Kochi, India",N/A,http://infopark.inhttp://infopark.in/companies/company/company-jobs/365/74929
BUSINESS DEVELOPMENT EXECUTIVE,N/A,"Kochi, India",N/A,http://infopark.inhttp://infopark.in/companies/company/company-jobs/567/73964
Product Designer (ERP / Dashboards),N/A,"Kochi, India",N/A,http://infopark.inhttp://infopark.in/companies/company/company-jobs/258/74053
Node.js developer (Immediate Joiners).,N/A,"Kochi, India",N/A,http://infopark.inhttp://infopark.in/companies/company/company-jobs/567/76648
Business Development Manager(Female candidates)(WFH),N/A,"Kochi, India",N/A,http://infopark.inhttp://infopark.in/companies/company/company-jobs/469/76313
Product Manager(Exp:4+years),N/A,"Kochi, India",N/A,http://infopark.inhttp://infopark.in/companies/company/company-jobs/258/75979
Service Monitoring Analyst,N/A,"Kochi, India",N/A,http://infopark.inhttp://infopark.in/companies/company/company-jobs/7/77815
Lead Generation Executive,N/A,"Kochi, India",N/A,http://infopark.inhttp://infopark.in/companies/company/company-jobs/592/77537
IT INFRASTRUCTURE  - PROJECT COORDINATOR,N/A,"Kochi, India",N/A,http://infopark.inhttp://infopark.in/companies/company/company-jobs/540/75069
Business Analyst (Digital Marketing),N/A,"Kochi, India",N/A,http://infopark.inhttp://infopark.in/companies/company/company-jobs/459/75653
UI UX Designer Internship,N/A,"Kochi, India",N/A,http://infopark.inhttp://infopark.in/companies/company/company-jobs/567/75160
Junior Content Writer- Internship,N/A,"Kochi, India",N/A,http://infopark.inhttp://infopark.in/companies/company/company-jobs/567/75162
IT Project Coordinator,N/A,"Kochi, India",N/A,http://infopark.inhttp://infopark.in/companies/company/company-jobs/420/77783
Technical Architect,N/A,"Kochi, India",N/A,http://infopark.inhttp://infopark.in/companies/company/company-jobs/361/77484
Business Technical Support  (RCM),N/A,"Kochi, India",N/A,http://infopark.inhttp://infopark.in/companies/company/company-jobs/298/77358
Jr. Video journalist cum content creator for social media handle (VJ-010),N/A,"Kochi, India",N/A,http://infopark.inhttp://infopark.in/companies/company/company-jobs/1/75481
AEM Lead Developer,N/A,"Kochi, India",N/A,http://infopark.inhttp://infopark.in/companies/company/company-jobs/105/75560
Full Stack Developer,N/A,"Kochi, India",N/A,http://infopark.inhttp://infopark.in/companies/company/company-jobs/487/77467
Azure Developer,N/A,"Kochi, India",N/A,http://infopark.inhttp://infopark.in/companies/company/company-jobs/549/75572
Senior Sales Executive,N/A,"Kochi, India",N/A,http://infopark.inhttp://infopark.in/companies/company/company-jobs/503/77176
Desktop Support,N/A,"Kochi, India",N/A,http://infopark.inhttp://infopark.in/companies/company/company-jobs/298/77078
Account Executive,N/A,"Kochi, India",N/A,http://infopark.inhttp://infopark.in/companies/company/company-jobs/190/77306
Digital Marketing Manager,N/A,"Kochi, India",N/A,http://infopark.inhttp://infopark.in/companies/company/company-jobs/353/77338
Quality Assurance Engineer,N/A,"Kochi, India",N/A,http://infopark.inhttp://infopark.in/companies/company/company-jobs/629/76049
Business Development Executive,N/A,"Kochi, India",N/A,http://infopark.inhttp://infopark.in/companies/company/company-jobs/567/75918
React Js Internship,N/A,"Kochi, India",N/A,http://infopark.inhttp://infopark.in/companies/company/company-jobs/315/76206
Process Associate,N/A,"Kochi, India",N/A,http://infopark.inhttp://infopark.in/companies/company/company-jobs/641/77406
"Consultant, SAP ABAP",N/A,"Kochi, India",N/A,http://infopark.inhttp://infopark.in/companies/company/company-jobs/105/76901
.NET Developer Intern,N/A,"Kochi, India",N/A,http://infopark.inhttp://infopark.in/companies/company/company-jobs/434/76315
EXPERIENCED VIDEO EDITOR,N/A,"Kochi, India",N/A,http://infopark.inhttp://infopark.in/companies/company/company-jobs/529/77355
System Administrator (JOB Code SA-2024/011/IT),N/A,"Kochi, India",N/A,http://infopark.inhttp://infopark.in/companies/company/company-jobs/273/76852
Administrative Assistant,N/A,"Kochi, India",N/A,http://infopark.inhttp://infopark.in/companies/company/company-jobs/225/76275
Operations Manager,N/A,"Kochi, India",N/A,http://infopark.inhttp://infopark.in/companies/company/company-jobs/450/77392
PHP Developer,N/A,"Kochi, India",N/A,http://infopark.inhttp://infopark.in/companies/company/company-jobs/353/77048
Walk in Drive 14- 31 January - Senior .Net Developer/Senior Python Django Developer/ Ruby on Rails,N/A,"Kochi, India",N/A,http://infopark.inhttp://infopark.in/companies/company/company-jobs/295/77588
Jr Network Associate,N/A,"Kochi, India",N/A,http://infopark.inhttp://infopark.in/companies/company/company-jobs/225/76353
Internship - Networking Site Technician (Structured Cabling Projects),N/A,"Kochi, India",N/A,http://infopark.inhttp://infopark.in/companies/company/company-jobs/225/76386
Relationship Manager_WFH (Shift 9pm to 6am IST)-Bulk Hiring,N/A,"Kochi, India",N/A,http://infopark.inhttp://infopark.in/companies/company/company-jobs/469/76677
Junior frontend Developer,N/A,"Kochi, India",N/A,http://infopark.inhttp://infopark.in/companies/company/company-jobs/358/77495
Head of Sales - Study Abroad,N/A,"Kochi, India",N/A,http://infopark.inhttp://infopark.in/companies/company/company-jobs/365/76872
React Native Developer(2-5 Years Experience),N/A,"Kochi, India",N/A,http://infopark.inhttp://infopark.in/companies/company/company-jobs/438/77404
Video & Motion Designer(Work from Office)(1pm to 10 pm IST),N/A,"Kochi, India",N/A,http://infopark.inhttp://infopark.in/companies/company/company-jobs/469/77405
Software Engineer (Sharepoint SPFx),N/A,"Kochi, India",N/A,http://infopark.inhttp://infopark.in/companies/company/company-jobs/105/77408
.NET Developer,N/A,"Kochi, India",N/A,http://infopark.inhttp://infopark.in/companies/company/company-jobs/487/77468
Business Analyst,N/A,"Kochi, India",N/A,http://infopark.inhttp://infopark.in/companies/company/company-jobs/629/77489
Senior Frontend Developer,N/A,"Kochi, India",N/A,http://infopark.inhttp://infopark.in/companies/company/company-jobs/358/77456
Jr Marketing Executive Trainee (Freshers),N/A,"Kochi, India",N/A,http://infopark.inhttp://infopark.in/companies/company/company-jobs/327/77558
MARKETING EXECUTIVE,N/A,"Kochi, India",N/A,http://infopark.inhttp://infopark.in/companies/company/company-jobs/420/77472
Senior ReactJs Developer(3 years+),N/A,"Kochi, India",N/A,http://infopark.inhttp://infopark.in/companies/company/company-jobs/387/77805
Full Stack Software Engineer Internship,N/A,"Kochi, India",N/A,http://infopark.inhttp://infopark.in/companies/company/company-jobs/347/77706
Full stack Developer,N/A,"Kochi, India",N/A,http://infopark.inhttp://infopark.in/companies/company/company-jobs/608/77713
UI UX Designer,N/A,"Kochi, India",N/A,http://infopark.inhttp://infopark.in/companies/company/company-jobs/608/77714
Creative Designer,N/A,"Kochi, India",N/A,http://infopark.inhttp://infopark.in/companies/company/company-jobs/114/77715
Project Manager,N/A,"Kochi, India",N/A,http://infopark.inhttp://infopark.in/companies/company/company-jobs/252/77568
Node- Lead Engineer/Architect,N/A,"Kochi, India",N/A,http://infopark.inhttp://infopark.in/companies/company/company-jobs/252/77569
Office Assistant,N/A,"Kochi, India",N/A,http://infopark.inhttp://infopark.in/companies/company/company-jobs/414/77652
System Administrator,N/A,"Kochi, India",N/A,http://infopark.inhttp://infopark.in/companies/company/company-jobs/414/77648
Tech Lead,N/A,"Kochi, India",N/A,http://infopark.inhttp://infopark.in/companies/company/company-jobs/567/77649
MIS Executive cum Sales Coordination,N/A,"Kochi, India",N/A,http://infopark.inhttp://infopark.in/companies/company/company-jobs/414/77645
Technical support Executive,N/A,"Kochi, India",N/A,http://infopark.inhttp://infopark.in/companies/company/company-jobs/414/77646
Sales Manager - Insurance Sales,N/A,"Kochi, India",N/A,http://infopark.inhttp://infopark.in/companies/company/company-jobs/414/77647
SEO,N/A,"Kochi, India",N/A,http://infopark.inhttp://infopark.in/companies/company/company-jobs/414/77644
Customer Support executive,N/A,"Kochi, India",N/A,http://infopark.inhttp://infopark.in/companies/company/company-jobs/414/77642
Devops Engineer,N/A,"Kochi, India",N/A,http://infopark.inhttp://infopark.in/companies/company/company-jobs/414/77643
IT Project Coordinator,N/A,"Kochi, India",N/A,http://infopark.inhttp://infopark.in/companies/company/company-jobs/540/77592
MERN Stack Developer-5 years Exp-Immediate joiner,N/A,"Kochi, India",N/A,http://infopark.inhttp://infopark.in/companies/company/company-jobs/445/77593
QA Engineer Internship,N/A,"Kochi, India",N/A,http://infopark.inhttp://infopark.in/companies/company/company-jobs/347/77707
.NET Developer - Job Code i(.NET- 158),N/A,"Kochi, India",N/A,http://infopark.inhttp://infopark.in/companies/company/company-jobs/1/77740
Senior Node.js Developers(3 years+),N/A,"Kochi, India",N/A,http://infopark.inhttp://infopark.in/companies/company/company-jobs/387/77806
UI/UX Designer Internship,N/A,"Kochi, India",N/A,http://infopark.inhttp://infopark.in/companies/company/company-jobs/347/77708
GRC Analyst- Risk and Compliance,N/A,"Kochi, India",N/A,http://infopark.inhttp://infopark.in/companies/company/company-jobs/190/77705
PL/SQL Developer,N/A,"Kochi, India",N/A,http://infopark.inhttp://infopark.in/companies/company/company-jobs/500/77676
Strategic App Growth Manager,N/A,"Kochi, India",N/A,http://infopark.inhttp://infopark.in/companies/company/company-jobs/390/77679
Senior Linux System Administrator (5+ years of exp),N/A,"Kochi, India",N/A,http://infopark.inhttp://infopark.in/companies/company/company-jobs/347/77680
Graduate Specialist – DevOps,N/A,"Kochi, India",N/A,http://infopark.inhttp://infopark.in/companies/company/company-jobs/517/77733
Social Media Executive,N/A,"Kochi, India",N/A,http://infopark.inhttp://infopark.in/companies/company/company-jobs/353/77793
Sales Manager - 4yrs,N/A,"Kochi, India",N/A,http://infopark.inhttp://infopark.in/companies/company/company-jobs/349/77759
Project Coordinator,N/A,"Kochi, India",N/A,http://infopark.inhttp://infopark.in/companies/company/company-jobs/589/77778
Python Backend Developer,N/A,"Kochi, India",N/A,http://infopark.inhttp://infopark.in/companies/company/company-jobs/518/77779
DevOps Engineer,N/A,"Kochi, India",N/A,http://infopark.inhttp://infopark.in/companies/company/company-jobs/107/77584
Job Title: Virtual Sales Representative,N/A,"Kochi, India",N/A,http://infopark.inhttp://infopark.in/companies/company/company-jobs/588/70424
ASP .NET Developer,N/A,"Kochi, India",N/A,http://infopark.inhttp://infopark.in/companies/company/company-jobs/578/77531
NOC Engineer - Lead,N/A,"Kochi, India",N/A,http://infopark.inhttp://infopark.in/companies/company/company-jobs/578/77536
Senior Python - Django Developer.,N/A,"Kochi, India",N/A,http://infopark.inhttp://infopark.in/companies/company/company-jobs/578/77532
PHP Internship,N/A,"Kochi, India",N/A,http://infopark.inhttp://infopark.in/companies/company/company-jobs/383/74102
"Opening for .Net Solution Architect, Kochi",N/A,"Kochi, India",N/A,http://infopark.inhttp://infopark.in/companies/company/company-jobs/114/77155
"Immediate Opening for Dot Net Tech Lead, Kochi",N/A,"Kochi, India",N/A,http://infopark.inhttp://infopark.in/companies/company/company-jobs/114/75872
Linux support engineer,N/A,"Kochi, India",N/A,http://infopark.inhttp://infopark.in/companies/company/company-jobs/446/76989
Finance Manager,N/A,"Kochi, India",N/A,http://infopark.inhttp://infopark.in/companies/company/company-jobs/153/77240
WordPress Developer,N/A,"Kochi, India",N/A,http://infopark.inhttp://infopark.in/companies/company/company-jobs/446/77254
Manager- Finance and FP&A,N/A,"Kochi, India",N/A,http://infopark.inhttp://infopark.in/companies/company/company-jobs/446/77214
Product Manager – Clinical Healthcare AI Solutions,N/A,"Kochi, India",N/A,http://infopark.inhttp://infopark.in/companies/company/company-jobs/446/77213
Angular Lead,N/A,"Kochi, India",N/A,http://infopark.inhttp://infopark.in/companies/company/company-jobs/446/77217
Junior Business Analyst(Bioinformatics),N/A,"Kochi, India",N/A,http://infopark.inhttp://infopark.in/companies/company/company-jobs/446/77383
Graphic Designer,N/A,"Kochi, India",N/A,http://infopark.inhttp://infopark.in/companies/company/company-jobs/446/77382
UI/UX Designer,N/A,"Kochi, India",N/A,http://infopark.inhttp://infopark.in/companies/company/company-jobs/446/77512
Marketing Manager,N/A,"Kochi, India",N/A,http://infopark.inhttp://infopark.in/companies/company/company-jobs/446/77674
AI/ML Platform Architect,N/A,"Kochi, India",N/A,http://infopark.inhttp://infopark.in/companies/company/company-jobs/446/77570
Video Editor & Motion Digital Designer,N/A,"Kochi, India",N/A,http://infopark.inhttp://infopark.in/companies/company/company-jobs/446/77690
Junior AI/ML Engineer,N/A,"Kochi, India",N/A,http://infopark.inhttp://infopark.in/companies/company/company-jobs/446/77668
Junior Market Research Analyst,N/A,"Kochi, India",N/A,http://infopark.inhttp://infopark.in/companies/company/company-jobs/446/77669
BUSINESS ANALYST,N/A,"Kochi, India",N/A,http://infopark.inhttp://infopark.in/companies/company/company-jobs/6/1809
UI UX DEVELOPER,N/A,"Kochi, India",N/A,http://infopark.inhttp://infopark.in/companies/company/company-jobs/6/77586
BUSINESS DEVELOPMENT EXECUTIVE,N/A,"Kochi, India",N/A,http://infopark.inhttp://infopark.in/companies/company/company-jobs/6/8829
Digital Marketing Executive (1-2 Years),N/A,"Kochi, India",N/A,http://infopark.inhttp://infopark.in/companies/company/company-jobs/597/77606
Solution Architect - Software,N/A,"Kochi, India",N/A,http://infopark.inhttp://infopark.in/companies/company/company-jobs/276/77522
Client Executive (Inside sales),N/A,"Kochi, India",N/A,http://infopark.inhttp://infopark.in/companies/company/company-jobs/204/76798
DevOps Engineer,N/A,"Kochi, India",N/A,http://infopark.inhttp://infopark.in/companies/company/company-jobs/276/77519
Digital Marketing Professional,N/A,"Kochi, India",N/A,http://infopark.inhttp://infopark.in/companies/company/company-jobs/540/76376
Business Development Executive – DevOps & Cloud Consulting,N/A,"Kochi, India",N/A,http://infopark.inhttp://infopark.in/companies/company/company-jobs/276/77520
Apprentice-Sales and Marketing,N/A,"Kochi, India",N/A,http://infopark.inhttp://infopark.in/companies/company/company-jobs/276/77521
Laravel Vue Developer,N/A,"Kochi, India",N/A,http://infopark.inhttp://infopark.in/companies/company/company-jobs/177/77613
Junior Back End Developer-Urgent Hiring,N/A,"Kochi, India",N/A,http://infopark.inhttp://infopark.in/companies/company/company-jobs/319/76610
Lead Engineer Python + GIS,N/A,"Kochi, India",N/A,http://infopark.inhttp://infopark.in/companies/company/company-jobs/252/77802
Project Manager,N/A,"Kochi, India",N/A,http://infopark.inhttp://infopark.in/companies/company/company-jobs/578/77726
SEO  Lead (7+ years),N/A,"Kochi, India",N/A,http://infopark.inhttp://infopark.in/companies/company/company-jobs/262/77583
Graphic Designers (Work from Home),N/A,"Kochi, India",N/A,http://infopark.inhttp://infopark.in/companies/company/company-jobs/440/39656
Accounting Associate/Sr. Accounting Associate - US GAAP,N/A,"Kochi, India",N/A,http://infopark.inhttp://infopark.in/companies/company/company-jobs/390/77781
Site Reliability Engineer -Cloud Services,N/A,"Kochi, India",N/A,http://infopark.inhttp://infopark.in/companies/company/company-jobs/390/77782
Executive Assistant,N/A,"Kochi, India",N/A,http://infopark.inhttp://infopark.in/companies/company/company-jobs/528/77775
Flutter Developer Intern,N/A,"Kochi, India",N/A,http://infopark.inhttp://infopark.in/companies/company/company-jobs/315/75859
Angular Developer,N/A,"Kochi, India",N/A,http://infopark.inhttp://infopark.in/companies/company/company-jobs/177/77792
Jira & Agile transformation Specialist,N/A,"Kochi, India",N/A,http://infopark.inhttp://infopark.in/companies/company/company-jobs/340/77620
UI/UX Designer,N/A,"Kochi, India",N/A,http://infopark.inhttp://infopark.in/companies/company/company-jobs/460/77797
Senior Flutter Developer,N/A,"Kochi, India",N/A,http://infopark.inhttp://infopark.in/companies/company/company-jobs/315/76203
Digital Marketing On the Job Training,N/A,"Kochi, India",N/A,http://infopark.inhttp://infopark.in/companies/company/company-jobs/443/77804
Web Developer - PHP,N/A,"Kochi, India",N/A,http://infopark.inhttp://infopark.in/companies/company/company-jobs/427/36696
Laravel Developer,N/A,"Kochi, India",N/A,http://infopark.inhttp://infopark.in/companies/company/company-jobs/177/77618
Laravel Angular Developer,N/A,"Kochi, India",N/A,http://infopark.inhttp://infopark.in/companies/company/company-jobs/177/77616
Python Developer,N/A,"Kochi, India",N/A,http://infopark.inhttp://infopark.in/companies/company/company-jobs/177/77615
Project Manager,N/A,"Kochi, India",N/A,http://infopark.inhttp://infopark.in/companies/company/company-jobs/177/77614
HR Manager,N/A,"Kochi, India",N/A,http://infopark.inhttp://infopark.in/companies/company/company-jobs/177/77619
LARAVEL DEVELOPER (PHP),N/A,"Kochi, India",N/A,http://infopark.inhttp://infopark.in/companies/company/company-jobs/528/77798
QA Team Lead,N/A,"Kochi, India",N/A,http://infopark.inhttp://infopark.in/companies/company/company-jobs/177/77641
Business Immigration Analyst,N/A,"Kochi, India",N/A,http://infopark.inhttp://infopark.in/companies/company/company-jobs/528/77192
Graphic designer,N/A,"Kochi, India",N/A,http://infopark.inhttp://infopark.in/companies/company/company-jobs/427/77553
Magento Hyva UI Developer,N/A,"Kochi, India",N/A,http://infopark.inhttp://infopark.in/companies/company/company-jobs/249/73114
Magento Technical Lead,N/A,"Kochi, India",N/A,http://infopark.inhttp://infopark.in/companies/company/company-jobs/249/67607
Marketing Specialist – IT & B2B Outreach,N/A,"Kochi, India",N/A,http://infopark.inhttp://infopark.in/companies/company/company-jobs/159/77022
Head of Human Resources,N/A,"Kochi, India",N/A,http://infopark.inhttp://infopark.in/companies/company/company-jobs/337/77564
UI Specialist,N/A,"Kochi, India",N/A,http://infopark.inhttp://infopark.in/companies/company/company-jobs/316/76076
Business Development Manager,N/A,"Kochi, India",N/A,http://infopark.inhttp://infopark.in/companies/company/company-jobs/543/67319
Dotnet Technical Lead- Infopark Kochi Location - 6+ Years,N/A,"Kochi, India",N/A,http://infopark.inhttp://infopark.in/companies/company/company-jobs/114/31515
SEO Strategist,N/A,"Kochi, India",N/A,http://infopark.inhttp://infopark.in/companies/company/company-jobs/358/77590
Recruiter,N/A,"Kochi, India",N/A,http://infopark.inhttp://infopark.in/companies/company/company-jobs/337/77566
IT PROJECT COORDINATOR,N/A,"Kochi, India",N/A,http://infopark.inhttp://infopark.in/companies/company/company-jobs/225/77119
DevOps Engineer/ Senior Devops Engineer - Technopark Trivandrum Location,N/A,"Kochi, India",N/A,http://infopark.inhttp://infopark.in/companies/company/company-jobs/114/76582
Senior UI Architect,N/A,"Kochi, India",N/A,http://infopark.inhttp://infopark.in/companies/company/company-jobs/249/40429
CMS Developer,N/A,"Kochi, India",N/A,http://infopark.inhttp://infopark.in/companies/company/company-jobs/316/77132
Senior Business Analyst,N/A,"Kochi, India",N/A,http://infopark.inhttp://infopark.in/companies/company/company-jobs/249/60209
Technology Project Manager,N/A,"Kochi, India",N/A,http://infopark.inhttp://infopark.in/companies/company/company-jobs/304/77624
Android Developer (2+ Years Experience) - Immediate !!,N/A,"Kochi, India",N/A,http://infopark.inhttp://infopark.in/companies/company/company-jobs/225/65848
SOFTWARE ENGINEER (.NET) (2+ Years),N/A,"Kochi, India",N/A,http://infopark.inhttp://infopark.in/companies/company/company-jobs/225/69327
Senior Test Architect,N/A,"Kochi, India",N/A,http://infopark.inhttp://infopark.in/companies/company/company-jobs/249/77756
"Immediate Job opening for Angular Project Lead, Kochi.",N/A,"Kochi, India",N/A,http://infopark.inhttp://infopark.in/companies/company/company-jobs/114/75339
Executive Assistant (2+ years of experience),N/A,"Kochi, India",N/A,http://infopark.inhttp://infopark.in/companies/company/company-jobs/528/76213
Chief Architect,N/A,"Kochi, India",N/A,http://infopark.inhttp://infopark.in/companies/company/company-jobs/316/76980
Cloud Engineer,N/A,"Kochi, India",N/A,http://infopark.inhttp://infopark.in/companies/company/company-jobs/105/77313
Java Developer,N/A,"Kochi, India",N/A,http://infopark.inhttp://infopark.in/companies/company/company-jobs/615/74149
Business Development Executive,N/A,"Kochi, India",N/A,http://infopark.inhttp://infopark.in/companies/company/company-jobs/159/77362
React - MERN Developer,N/A,"Kochi, India",N/A,http://infopark.inhttp://infopark.in/companies/company/company-jobs/385/77283
UI Developer,N/A,"Kochi, India",N/A,http://infopark.inhttp://infopark.in/companies/company/company-jobs/80/76410
Senior Dotnet Developer,N/A,"Kochi, India",N/A,http://infopark.inhttp://infopark.in/companies/company/company-jobs/80/75172
Dotnet Fullstack Developer,N/A,"Kochi, India",N/A,http://infopark.inhttp://infopark.in/companies/company/company-jobs/80/75173
HR Manager,N/A,"Kochi, India",N/A,http://infopark.inhttp://infopark.in/companies/company/company-jobs/165/77650
Project Manager,N/A,"Kochi, India",N/A,http://infopark.inhttp://infopark.in/companies/company/company-jobs/524/75416
Senior WordPress Developer,N/A,"Kochi, India",N/A,http://infopark.inhttp://infopark.in/companies/company/company-jobs/443/75695
Full Stack Developer (Product Development),N/A,"Kochi, India",N/A,http://infopark.inhttp://infopark.in/companies/company/company-jobs/316/75747
"Sr. Consultant, SAP ABAP",N/A,"Kochi, India",N/A,http://infopark.inhttp://infopark.in/companies/company/company-jobs/105/76902
iOS and Flutter Developer,N/A,"Kochi, India",N/A,http://infopark.inhttp://infopark.in/companies/company/company-jobs/225/76566
Android and Flutter Developer,N/A,"Kochi, India",N/A,http://infopark.inhttp://infopark.in/companies/company/company-jobs/225/76600
Full Stack Engineer,N/A,"Kochi, India",N/A,http://infopark.inhttp://infopark.in/companies/company/company-jobs/316/76981
DeVops Engineer,N/A,"Kochi, India",N/A,http://infopark.inhttp://infopark.in/companies/company/company-jobs/443/77407
Project Manager,N/A,"Kochi, India",N/A,http://infopark.inhttp://infopark.in/companies/company/company-jobs/337/77565
WordPress Developer,N/A,"Kochi, India",N/A,http://infopark.inhttp://infopark.in/companies/company/company-jobs/200/77518
Sr.Angular Developer-4 plus years,N/A,"Kochi, India",N/A,http://infopark.inhttp://infopark.in/companies/company/company-jobs/445/77795
PHP  Developer  - Immediate Joining,N/A,"Kochi, India",N/A,http://infopark.inhttp://infopark.in/companies/company/company-jobs/263/77734
Business Analyst,N/A,"Kochi, India",N/A,http://infopark.inhttp://infopark.in/companies/company/company-jobs/629/77654
Project Coordinator,N/A,"Kochi, India",N/A,http://infopark.inhttp://infopark.in/companies/company/company-jobs/340/77653
Digital Marketing Manager,N/A,"Kochi, India",N/A,http://infopark.inhttp://infopark.in/companies/company/company-jobs/445/77589
Senior HR Executive,N/A,"Kochi, India",N/A,http://infopark.inhttp://infopark.in/companies/company/company-jobs/358/77591
VC/VC++ Developer - Job code i (CDP-148),N/A,"Kochi, India",N/A,http://infopark.inhttp://infopark.in/companies/company/company-jobs/1/77741
Business Development Executive,N/A,"Kochi, India",N/A,http://infopark.inhttp://infopark.in/companies/company/company-jobs/200/77710
"PMO (6-10 yrs experience in all departments - Fin, HR and overall business operations.)",N/A,"Kochi, India",N/A,http://infopark.inhttp://infopark.in/companies/company/company-jobs/528/77809
Data Scientist,N/A,"Kochi, India",N/A,http://infopark.inhttp://infopark.in/companies/company/company-jobs/524/77664
Associate/Senior Associate - People Ops,N/A,"Kochi, India",N/A,http://infopark.inhttp://infopark.in/companies/company/company-jobs/204/77672
"Creative Designer with Video Editing experience for ThinkPalm Technologies-Infopark,Kochi",N/A,"Kochi, India",N/A,http://infopark.inhttp://infopark.in/companies/company/company-jobs/114/77730
"Python with ML, Statistics & Algorithm Development-ThinkPalm Technologies.",N/A,"Kochi, India",N/A,http://infopark.inhttp://infopark.in/companies/company/company-jobs/114/77731
Data Engineering Practice Head,N/A,"Kochi, India",N/A,http://infopark.inhttp://infopark.in/companies/company/company-jobs/543/77760
Software Developer-Lead-4-5 years in Angular/React/Node JS,N/A,"Kochi, India",N/A,http://infopark.inhttp://infopark.in/companies/company/company-jobs/445/77761
Sr.Full Stack developer-4-6 years (React/Angular & Nodejs)-Immediate to 1 month joining,N/A,"Kochi, India",N/A,http://infopark.inhttp://infopark.in/companies/company/company-jobs/445/77794
Associate Manager - Product Marketing,N/A,"Kochi, India",N/A,http://infopark.inhttp://infopark.in/companies/company/company-jobs/204/76287
Php Developer (Laravel) - Trivandrum,N/A,"Kochi, India",N/A,http://infopark.inhttp://infopark.in/companies/company/company-jobs/528/75370
Business Analyst,N/A,"Kochi, India",N/A,http://infopark.inhttp://infopark.in/companies/company/company-jobs/528/77732
Angular Project Lead - Infopark Kochi Location.,N/A,"Kochi, India",N/A,http://infopark.inhttp://infopark.in/companies/company/company-jobs/114/44108
Social Media Executive,N/A,"Kochi, India",N/A,http://infopark.inhttp://infopark.in/companies/company/company-jobs/427/50927
Sales and Applications Specialist,N/A,"Kochi, India",N/A,http://infopark.inhttp://infopark.in/companies/company/company-jobs/204/76776
"Opening for .Net Solution Architect, ThinkPalm Technologies,Infopark-Kochi",N/A,"Kochi, India",N/A,http://infopark.inhttp://infopark.in/companies/company/company-jobs/114/77729
iOS DEVELOPER (1+ Years Experience),N/A,"Kochi, India",N/A,http://infopark.inhttp://infopark.in/companies/company/company-jobs/225/31942
INTERNSHIP - CONTENT WRITING,N/A,"Kochi, India",N/A,http://infopark.inhttp://infopark.in/companies/company/company-jobs/225/76078
Graphic Designer and Video Editor,N/A,"Kochi, India",N/A,http://infopark.inhttp://infopark.in/companies/company/company-jobs/427/41061
Sr. MVC / .Net + Angular Developer,N/A,"Kochi, India",N/A,http://infopark.inhttp://infopark.in/companies/company/company-jobs/340/77114
ELV Engineer (Kochi &Trivandrum),N/A,"Kochi, India",N/A,http://infopark.inhttp://infopark.in/companies/company/company-jobs/225/52359
Project Manager – Infrastructure Services,N/A,"Kochi, India",N/A,http://infopark.inhttp://infopark.in/companies/company/company-jobs/225/64243
INTERNSHIP - SOFTWARE TESTING,N/A,"Kochi, India",N/A,http://infopark.inhttp://infopark.in/companies/company/company-jobs/225/59633
Accounts Assistant _ 2+ Years of Experience,N/A,"Kochi, India",N/A,http://infopark.inhttp://infopark.in/companies/company/company-jobs/225/72121
Cloud Engineer,N/A,"Kochi, India",N/A,http://infopark.inhttp://infopark.in/companies/company/company-jobs/225/71734
OPENING IN 'TECHNICAL SUPPORT TRAINEE',N/A,"Kochi, India",N/A,http://infopark.inhttp://infopark.in/companies/company/company-jobs/575/72766
Lead Generation Executive(Private Cloud Hosting Solution),N/A,"Kochi, India",N/A,http://infopark.inhttp://infopark.in/companies/company/company-jobs/225/72915
Project Manager ELV,N/A,"Kochi, India",N/A,http://infopark.inhttp://infopark.in/companies/company/company-jobs/225/74455
Digital Marketing Manager,N/A,"Kochi, India",N/A,http://infopark.inhttp://infopark.in/companies/company/company-jobs/225/76758
TECHNICAL MANAGER - CLOUD OPERATIONS,N/A,"Kochi, India",N/A,http://infopark.inhttp://infopark.in/companies/company/company-jobs/225/76883
Digital Marketing Executive,N/A,"Kochi, India",N/A,http://infopark.inhttp://infopark.in/companies/company/company-jobs/204/76781
Internship - UI UX Designer,N/A,"Kochi, India",N/A,http://infopark.inhttp://infopark.in/companies/company/company-jobs/225/77529
JAVA-Senior Engineer,N/A,"Kochi, India",N/A,http://infopark.inhttp://infopark.in/companies/company/company-jobs/80/75171
BigCommerce Lead,N/A,"Kochi, India",N/A,http://infopark.inhttp://infopark.in/companies/company/company-jobs/249/75897
JAVA-Module Lead,N/A,"Kochi, India",N/A,http://infopark.inhttp://infopark.in/companies/company/company-jobs/80/76417
Dotnet Fullstack Developer-Module Lead,N/A,"Kochi, India",N/A,http://infopark.inhttp://infopark.in/companies/company/company-jobs/80/76425
Web Designer,N/A,"Kochi, India",N/A,http://infopark.inhttp://infopark.in/companies/company/company-jobs/427/77535
ELV Technicians _Immediate Opening !!!,N/A,"Kochi, India",N/A,http://infopark.inhttp://infopark.in/companies/company/company-jobs/225/18375
JAVA DEVELOPER (2 +Years Experience),N/A,"Kochi, India",N/A,http://infopark.inhttp://infopark.in/companies/company/company-jobs/225/45037
SOFTWARE ENGINEER – DOT NET  (KANNUR LOCATION),N/A,"Kochi, India",N/A,http://infopark.inhttp://infopark.in/companies/company/company-jobs/225/69984
Senior Project Engineer (Structured Cabling),N/A,"Kochi, India",N/A,http://infopark.inhttp://infopark.in/companies/company/company-jobs/225/74265
Lead Generation Intern,N/A,"Kochi, India",N/A,http://infopark.inhttp://infopark.in/companies/company/company-jobs/225/77351
Lead Generation-Inside Sales,N/A,"Kochi, India",N/A,http://infopark.inhttp://infopark.in/companies/company/company-jobs/225/75803
Senior Embedded/Firmware Engineer,N/A,"Kochi, India",N/A,http://infopark.inhttp://infopark.in/companies/company/company-jobs/454/76168
Team Lead – Python,N/A,"Kochi, India",N/A,http://infopark.inhttp://infopark.in/companies/company/company-jobs/204/77810
Senior Software Engineer .NET,N/A,"Kochi, India",N/A,http://infopark.inhttp://infopark.in/companies/company/company-jobs/204/77812
Software Engineer .NET,N/A,"Kochi, India",N/A,http://infopark.inhttp://infopark.in/companies/company/company-jobs/204/77813
Senior FICO Consultant,N/A,"Kochi, India",N/A,http://infopark.inhttp://infopark.in/companies/company/company-jobs/204/77811
Sr UI / UX DESIGNER,N/A,"Kochi, India",N/A,http://infopark.inhttp://infopark.in/companies/company/company-jobs/225/33195
"Business Development Executive – Cloud Services(Chennai & Hyderabad, Trivandrum & Calicut, Kochi  )",N/A,"Kochi, India",N/A,http://infopark.inhttp://infopark.in/companies/company/company-jobs/225/72871
Business Immigration Analyst (3+ years of exp),N/A,"Kochi, India",N/A,http://infopark.inhttp://infopark.in/companies/company/company-jobs/528/77334
Sr BUSINESS ANALYST,N/A,"Kochi, India",N/A,http://infopark.inhttp://infopark.in/companies/company/company-jobs/225/31442
PROCUREMENT MANAGER – MATERIALS PURCHASING AND VENDOR MANAGEMENT,N/A,"Kochi, India",N/A,http://infopark.inhttp://infopark.in/companies/company/company-jobs/225/77458
SENIOR UI DEVELOPER,N/A,"Kochi, India",N/A,http://infopark.inhttp://infopark.in/companies/company/company-jobs/225/72151
Remote Sales Associate – Fire & Safety Products and Services,N/A,"Kochi, India",N/A,http://infopark.inhttp://infopark.in/companies/company/company-jobs/588/77533
Full Stack .Net Developer with Angular,N/A,"Kochi, India",N/A,http://infopark.inhttp://infopark.in/companies/company/company-jobs/340/77438
Sr SOFTWARE ENGINEER (Windows Application),N/A,"Kochi, India",N/A,http://infopark.inhttp://infopark.in/companies/company/company-jobs/225/76531
Procurement Engineer,N/A,"Kochi, India",N/A,http://infopark.inhttp://infopark.in/companies/company/company-jobs/588/76808
Mechanical Sales Engineer,N/A,"Kochi, India",N/A,http://infopark.inhttp://infopark.in/companies/company/company-jobs/588/76839
Accounts Assistant,N/A,"Kochi, India",N/A,http://infopark.inhttp://infopark.in/companies/company/company-jobs/588/76807
Digital Lead Generation Manager,N/A,"Kochi, India",N/A,http://infopark.inhttp://infopark.in/companies/company/company-jobs/588/76840
Administrative Assistant,N/A,"Kochi, India",N/A,http://infopark.inhttp://infopark.in/companies/company/company-jobs/588/76906
Social Media Lead Generator (Linkedin),N/A,"Kochi, India",N/A,http://infopark.inhttp://infopark.in/companies/company/company-jobs/588/71337
